"test_id","test_case_id","test_case_name","sample_id","bench_id","robot_id","status","started_at","ended_at","duration_hours","duration_display","executor","environment","summary","issues","exception_count","last_data_at","report_url","telemetry_source","archive_status","archive_path","created_at","updated_at"
REL-SARM-001_2606251000_RP1.3-LOWER-01_RD-01,REL-SARM-001,单臂模块空载连续摆动老化测试,RP1.3-LOWER-01,RD-01,RP1.3-Arm-01,passed,"2026-06-25T10:00:00+08:00","2026-06-25T18:00:00+08:00",8.0,"8h",孙浩楠,模块 / RP1.3 / 测试间,"8h","",0,"2026-06-25T18:00:00+08:00",RP1-SARM--REL-001-160625-1测试报告,RP1-SARM--REL-001-160625-1,imported,"","2026-08-04T23:16:20.152584+08:00","2026-08-05 08:09:30.735528+00"
REL-SARM-001_2606171000_RP1.3-LOWER-01_RD-01,REL-SARM-001,单臂模块空载连续摆动老化测试,RP1.3-LOWER-01,RD-01,RP1.3-Arm-01,failed,"2026-06-17T10:00:00+08:00","2026-06-17T10:20:00+08:00",0.33333334,"20min/-",赵鹏飞,模块 / RP1.3 / 测试间,"20min/-","5号电机错误码0X7",1,"2026-06-17T10:20:00+08:00",RP1-SARM--REL-001-06-17-1 测试数据与图表,RP1-SARM--REL-001-160617-1,imported,"","2026-08-04T23:16:20.108186+08:00","2026-08-05 08:09:30.735528+00"
REL-SARM-002_2607151000_RP1.3-LOWER-01_RD-01,REL-SARM-002,单臂模块带载连续摆动老化测试,RP1.3-LOWER-01,RD-01,RP1.3-Arm-01,passed,"2026-07-15T10:00:00+08:00","2026-07-15T12:00:00+08:00",2.0,"2h",孙浩楠,模块 / RP1.3.2 / 测试间,shoulder_pitch 58°C / shoulder_pitch 15.01 Nm,"",0,"2026-07-15T12:00:00+08:00","",RP1-SARM--REL-002-160715-1,imported,"","2026-08-04T23:16:20.474957+08:00","2026-08-05 08:09:30.735528+00"
REL-SARM-002_2606301000_RP1.3-LOWER-01_RD-01,REL-SARM-002,单臂模块带载连续摆动老化测试,RP1.3-LOWER-01,RD-01,RP1.3-Arm-01,passed,"2026-06-30T10:00:00+08:00","2026-06-30T18:00:00+08:00",8.0,"8h",孙浩楠,模块 / RP1.3 / 测试间,"8h","",0,"2026-06-30T18:00:00+08:00",RP1-SARM--REL-002-160701-1测试报告,RP1-SARM--REL-002-160630-1,imported,"","2026-08-04T23:16:20.214941+08:00","2026-08-05 08:09:30.735528+00"
REL-SLEG-001_2606231000_RP1.3-LOWER-01_RD-02,REL-SLEG-001,单腿模块空载连续摆动老化测试,RP1.3-LOWER-01,RD-02,RP1.3-LEG-01,failed,"2026-06-23T10:00:00+08:00","2026-06-23T11:00:00+08:00",1.0,"1h",孙浩楠,模块 / RP1.3 / 测试间,脚踝在做roll方向运动时，转动角度与发送角度相差很大，几乎无转动，在松掉脚底螺丝后，转动正常,脚踝roll自由度转动异常,1,"2026-06-23T11:00:00+08:00",RP1-SLEG--REL-001-160623-1测试报告,RP1-SLEG--REL-001-160623-1,imported,"","2026-08-04T23:16:20.131448+08:00","2026-08-05 08:09:30.735528+00"
REL-SLEG-002_2607201000_RP1.3-LOWER-01_RD-02,REL-SLEG-002,单腿模块带载连续摆动老化测试,RP1.3-LOWER-01,RD-02,RP1.3-LEG-02,failed,"2026-07-20T10:00:00+08:00","2026-07-20T11:34:48+08:00",1.58,"1.58h",孙浩楠,模块 / RP1.3.2 / 测试间,故障瞬间脚踝温度急速升高，51度到148度,"1.55h时脚踝过温",1,"2026-07-20T11:34:48+08:00",img_v3_0213q_9131452b-7e88-4c0f-9c9d-4b311fba3e7g.jpg,RP1-SLEG--REL-002-160720-1,imported,"","2026-08-04T23:16:20.532426+08:00","2026-08-05 08:09:30.735528+00"
REL-SLEG-002_2607011000_RP1.3-LOWER-01_RD-02,REL-SLEG-002,单腿模块带载连续摆动老化测试,RP1.3-LOWER-01,RD-02,RP1.3-LEG-01,passed,"2026-07-01T10:00:00+08:00","2026-07-01T13:42:00+08:00",3.7,"3.7h",孙浩楠,模块 / RP1.3 / 测试间,通过（长时老化无故障）,"",0,"2026-07-01T13:42:00+08:00","",RP1-SLEG--REL-002-160701-1,imported,"","2026-08-04T23:16:20.234977+08:00","2026-08-05 08:09:30.735528+00"
REL-SLEG-002_2606301000_RP1.3-LOWER-01_RD-02,REL-SLEG-002,单腿模块带载连续摆动老化测试,RP1.3-LOWER-01,RD-02,RP1.3-LEG-01,passed,"2026-06-30T10:00:00+08:00","2026-06-30T18:00:00+08:00",8.0,"8h",孙浩楠,模块 / RP1.3 / 测试间,"8h","",0,"2026-06-30T18:00:00+08:00",RP1-SLEG-REL-002-160630-1腿部带载老化测试,RP1-SLEG-REL-002-160630-1,imported,"","2026-08-04T23:16:20.195059+08:00","2026-08-05 08:09:30.735528+00"
REL-SLEG-010_2607141000_RP1.3-LOWER-01_RD-02,REL-SLEG-010,单腿冲击测试,RP1.3-LOWER-01,RD-02,RP1.3-LEG-01,passed,"2026-07-14T10:00:00+08:00","2026-07-14T18:00:00+08:00",8.0,"8h",孙浩楠,模块 / RP1.3 / 测试间,自研连杆通过（长时老化无故障）,"",0,"2026-07-14T18:00:00+08:00","",RP1-SLEG-REL-010-160714-1,imported,"","2026-08-04T23:16:20.395338+08:00","2026-08-05 08:09:30.735528+00"
REL-SLEG-010_2607131000_RP1.3-LOWER-01_RD-02,REL-SLEG-010,单腿冲击测试,RP1.3-LOWER-01,RD-02,RP1.3-LEG-01,passed,"2026-07-13T10:00:00+08:00","2026-07-13T18:00:00+08:00",8.0,"8h",孙浩楠,模块 / RP1.3 / 测试间,自研连杆通过（长时老化无故障）,"",0,"2026-07-13T18:00:00+08:00","",RP1-SLEG-REL-010-160713-1,imported,"","2026-08-04T23:16:20.377041+08:00","2026-08-05 08:09:30.735528+00"
REL-SLEG-010_2607101000_RP1.3-LOWER-01_RD-02,REL-SLEG-010,单腿冲击测试,RP1.3-LOWER-01,RD-02,RP1.3-LEG-01,passed,"2026-07-10T10:00:00+08:00","2026-07-10T18:00:00+08:00",8.0,"8h",孙浩楠,模块 / RP1.3 / 测试间,自研连杆通过（长时老化无故障）,"",0,"2026-07-10T18:00:00+08:00","",RP1-SLEG-REL-010-160710-1,imported,"","2026-08-04T23:16:20.336921+08:00","2026-08-05 08:09:30.735528+00"
REL-SLEG-010_2607091000_RP1.3-LOWER-01_RD-02,REL-SLEG-010,单腿冲击测试,RP1.3-LOWER-01,RD-02,RP1.3-LEG-01,passed,"2026-07-09T10:00:00+08:00","2026-07-09T16:00:00+08:00",6.0,"6h",孙浩楠,模块 / RP1.3 / 测试间,龙溪连杆通过（长时老化无故障）,"",0,"2026-07-09T16:00:00+08:00","",RP1-SLEG-REL-010-160709-1,imported,"","2026-08-04T23:16:20.315095+08:00","2026-08-05 08:09:30.735528+00"
REL-SLEG-010_2607071000_RP1.3-LOWER-01_RD-02,REL-SLEG-010,单腿冲击测试,RP1.3-LOWER-01,RD-02,RP1.3-LEG-01,failed,"2026-07-07T10:00:00+08:00","2026-07-07T18:00:00+08:00",8.0,"8h",孙浩楠,模块 / RP1.3 / 测试间,通过（长时老化无故障）,自研连杆无折弯，踝部过温，力矩峰值，,1,"2026-07-07T18:00:00+08:00","",RP1-SLEG--REL-010-160707-1,imported,"","2026-08-04T23:16:20.275400+08:00","2026-08-05 08:09:30.735528+00"
REL-UPPER-001_2607201000_RP1.3-LOWER-01_RD-03,REL-UPPER-001,上肢模块（腰部+双臂）空载连续摆动老化测试,RP1.3-LOWER-01,RD-03,RP1.3-LEG-01,passed,"2026-07-20T10:00:00+08:00","2026-07-20T23:50:24+08:00",13.84,"13.84h",孙浩楠,模块 / RP1.3 / 测试间,通过（长时老化无故障）,"",0,"2026-07-20T23:50:24+08:00","",RP1-UPPER-REL-001-160720-1,imported,"","2026-08-04T23:16:20.510351+08:00","2026-08-05 08:09:30.735528+00"
REL-SARM-001_2606261000_RP1.3-LOWER-01_RD-01,REL-SARM-001,单臂模块空载连续摆动老化测试,RP1.3-LOWER-01,RD-01,RP1.3-Arm-01,failed,"2026-06-26T10:00:00+08:00","2026-06-26T18:00:00+08:00",8.0,"8h",孙浩楠,模块 / RP1.3 / 测试间,"8h",手臂机械结构异常响,1,"2026-06-26T18:00:00+08:00","",RP1-SARM--REL-001-160626-1,imported,"","2026-08-04T23:16:20.173502+08:00","2026-08-05 08:09:30.735528+00"
REL-SARM-001_2608052039_RP1.3-ARM-02_RD-01,REL-SARM-001,单臂模块空载连续摆动老化测试,RP1.3-ARM-02,RD-01,RP1.3-ARM-02,passed,"2026-08-05T20:39:31.811229+08:00","2026-08-05T22:47:12+08:00",2.126828,"2.13h",shn,研发测试间,遥测采集完成，共 38215 行,"",0,"2026-08-05T22:47:12+08:00","",InfluxDB/joint_metrics,pending,"","2026-08-05T20:39:31.845485+08:00","2026-08-05T22:47:12.794392+08:00"
REL-SLEG-010_2607011000_RP1.3-LOWER-01_RD-02,REL-SLEG-010,单腿冲击测试,RP1.3-LOWER-01,RD-02,RP1.3-LEG-01,failed,"2026-07-01T10:00:00+08:00","2026-07-01T12:27:00+08:00",2.45,"2.45 h",孙浩楠,模块 / RP1.3 / 测试间,"通过（长时老化无故障）
- 连续运行 **2.45 h**（8836 s），完成 **1868 次**蹲起冲击（~12.7 次/min），无通信中断
全程各关节 error_id = 0，无驱动器报错
无显著采样空档，数据连续
- **膝**跟踪误差最大（运动段 RMS 0.240 rad ≈ 13.7°），与冲击蹲起主运动一致
- **踝两路电机**力矩长期顶在额定 **99%**
- **踝 pitch** 温峰 **83°C**，末段 >75°C 占比约 17%；热累积显著，但 2.45 h 内未触发保护",龙溪连杆无折弯，踝部过温，力矩峰值，,1,"2026-07-01T12:27:00+08:00",RP1-SLEG--REL-010-160701-1测试报告,RP1-SLEG--REL-010-160701-1,imported,"","2026-08-04T23:16:20.252531+08:00","2026-08-05 08:09:30.735528+00"
REL-UPPER-001_2607161000_RP1.3-LOWER-01_RD-03,REL-UPPER-001,上肢模块（腰部+双臂）空载连续摆动老化测试,RP1.3-LOWER-01,RD-03,RP1.3-LEG-01,passed,"2026-07-16T10:00:00+08:00","2026-07-16T12:00:00+08:00",2.0,"2h",孙浩楠,模块 / RP1.3 / 测试间,通过（长时老化无故障）,"",0,"2026-07-16T12:00:00+08:00","",RP1-UPPER-REL-001-160716-1,imported,"","2026-08-04T23:16:20.493429+08:00","2026-08-05 08:09:30.735528+00"
REL-SARM-001_2608061306_RP1.3-ARM-02_RD-01,REL-SARM-001,单臂模块空载连续摆动老化测试,RP1.3-ARM-02,RD-01,RP1.3-ARM-02,passed,"2026-08-06T13:06:52.411145+08:00","2026-08-06T19:32:37+08:00",6.4274707,"6.43h",shn,研发实验室,测试正常，新55电机，盘线结构稳定,"",0,"2026-08-06T19:32:37+08:00","",InfluxDB/joint_metrics,archived,"","2026-08-06T13:06:52.463173+08:00","2026-08-07T22:43:22.347574+08:00"
REL-UPPER-001_2608071513_RP1.3-UPPER-O1_RD-03,REL-UPPER-001,上肢模块（腰部+双臂）空载连续摆动老化测试,RP1.3-UPPER-O1,RD-03,RP1.3-LEG-01,failed,"2026-08-07T15:13:53.695892+08:00","2026-08-07T19:13:53+08:00",4.0,"4.00h",shn,研发实验室,测试机卡死强制关机,"",0,"2026-08-07T15:14:18+08:00","",InfluxDB/joint_metrics,pending,"","2026-08-07T15:13:53.718186+08:00","2026-08-07T15:14:18.711674+08:00"
REL-UPPER-001_2607151000_RP1.3-LOWER-01_RD-03,REL-UPPER-001,上肢模块（腰部+双臂）空载连续摆动老化测试,RP1.3-LOWER-01,RD-03,RP1.3-LEG-01,failed,"2026-07-15T10:00:00+08:00","2026-07-15T23:50:24+08:00",13.84,"13.84h",孙浩楠,模块 / RP1.3 / 测试间,不通过,"10h左右的时候，全身母线瞬间跌到20v左右，right-wrist-roll",1,"2026-07-15T23:50:24+08:00","",RP1-UPPER-REL-001-160715-1,imported,"","2026-08-04T23:16:20.453578+08:00","2026-08-05 08:09:30.735528+00"
REL-UPPER-001_2607141001_RP1.3-LOWER-01_RD-03,REL-UPPER-001,上肢模块（腰部+双臂）空载连续摆动老化测试,RP1.3-LOWER-01,RD-03,RP1.3-LEG-01,passed,"2026-07-14T10:01:00+08:00","2026-07-14T17:17:48+08:00",7.28,"7.28h",孙浩楠,模块 / RP1.3 / 测试间,通过（长时老化无故障）,"",0,"2026-07-14T17:17:48+08:00","",RP1-UPPER-REL-001-160714-2,imported,"","2026-08-04T23:16:20.433016+08:00","2026-08-05 08:09:30.735528+00"
REL-UPPER-001_2607141000_RP1.3-LOWER-01_RD-03,REL-UPPER-001,上肢模块（腰部+双臂）空载连续摆动老化测试,RP1.3-LOWER-01,RD-03,RP1.3-LEG-01,passed,"2026-07-14T10:00:00+08:00","2026-07-14T14:34:12+08:00",4.57,"4.57h",孙浩楠,模块 / RP1.3 / 测试间,通过（长时老化无故障）,"",0,"2026-07-14T14:34:12+08:00","",RP1-UPPER-REL-001-160714-1,imported,"","2026-08-04T23:16:20.415143+08:00","2026-08-05 08:09:30.735528+00"
REL-UPPER-001_2607131000_RP1.3-LOWER-01_RD-03,REL-UPPER-001,上肢模块（腰部+双臂）空载连续摆动老化测试,RP1.3-LOWER-01,RD-03,RP1.3-LEG-01,passed,"2026-07-13T10:00:00+08:00","2026-07-13T12:30:00+08:00",2.5,"2.5h",孙浩楠,模块 / RP1.3 / 测试间,通过（长时老化无故障）,"",0,"2026-07-13T12:30:00+08:00","",RP1-UPPER-REL-001-160713-1,imported,"","2026-08-04T23:16:20.358180+08:00","2026-08-05 08:09:30.735528+00"
REL-UPPER-001_2607081000_RP1.3-LOWER-01_RD-03,REL-UPPER-001,上肢模块（腰部+双臂）空载连续摆动老化测试,RP1.3-LOWER-01,RD-03,RP1.3-LEG-01,passed,"2026-07-08T10:00:00+08:00","2026-07-08T11:47:23+08:00",1.79,"1.79h",孙浩楠,模块 / RP1.3 / 测试间,通过（长时老化无故障）,"",0,"2026-07-08T11:47:23+08:00","",RP1-UPPER-REL-001-160708-1,imported,"","2026-08-04T23:16:20.294188+08:00","2026-08-05 08:09:30.735528+00"
REL-LOWER-002_2608031913_RP1.3-LOWER-01_RD-02,REL-LOWER-002,下肢模块（双腿+腰部）带载连续摆动老化测试,RP1.3-LOWER-01,RD-02,RP1.3-LOWER-01,passed,"2026-08-03T19:13:58+08:00","2026-08-03T20:01:40+08:00",0.795037,"0.80h",孙浩楠,模块 / RP1.3 / 测试间,"20000 个采样点，持续 0.80 小时，异常 14 次",right_hip_roll_joint: 0→3；left_hip_pitch_joint: 0→3；left_hip_roll_joint: 0→3；right_ankle_roll_joint: 0→3；left_ankle_pitch_joint: 0→3；left_hip_yaw_joint: 0→3；另 8 次,0,"2026-08-03T20:01:40+08:00","",InfluxDB/joint_metrics,archived,"","2026-08-05T10:55:36.687758+08:00","2026-08-07T22:05:04.361970+08:00"
REL-LOWER-001_2608111721_RP1.3-LOWER-01_RD-02,REL-LOWER-001,下肢模块（双腿+腰部）空载连续摆动老化测试,RP1.3-LOWER-01,RD-02,RP1.3-LOWER-01,passed,"2026-08-11T17:21:56.660513+08:00","2026-08-11T19:34:02+08:00",2.1955678,"2.20h",SHN,研发实验室,测试收到 Ctrl+C 后中断，待补充中断原因与测试分析,"",0,"2026-08-11T19:34:02+08:00","",InfluxDB/joint_metrics,archived,"","2026-08-11T17:21:56.670918+08:00","2026-08-11T22:24:19.385501+08:00"
REL-LOWER-001_2608061116_RP1.3-LOWER-01_RD-02,REL-LOWER-001,下肢模块（双腿+腰部）空载连续摆动老化测试,RP1.3-LOWER-01,RD-02,RP1.3-LOWER-01,passed,"2026-08-06T11:16:37.451335+08:00","2026-08-06T19:34:38+08:00",8.294221,"8.29h",shn,研发实验室,测试收到 Ctrl+C 后中断，待补充中断原因与测试分析,"",0,"2026-08-06T19:34:38+08:00","",InfluxDB/joint_metrics,archived,"","2026-08-06T11:16:37.483891+08:00","2026-08-11T22:24:35.417700+08:00"
REL-UPPER-001_2608111623_RP1.3-UPPER-01_RD-03,REL-UPPER-001,上肢模块（腰部+双臂）空载连续摆动老化测试,RP1.3-UPPER-01,RD-03,RP1.3-UPPER-01,passed,"2026-08-11T16:23:06.737380+08:00","2026-08-11T22:23:06.737380+08:00",6.0,"6",SHN,研发实验室,通过（长时老化无故障）,"",0,"2026-08-11T16:23:11+08:00","",InfluxDB/joint_metrics,pending,"","2026-08-11T16:23:06.749385+08:00","2026-08-11T22:23:11.678936+08:00"
REL-UPPER-001_2608112202_RP1.3-UPPER-01_RD-03,REL-UPPER-001,上肢模块（腰部+双臂）空载连续摆动老化测试,RP1.3-UPPER-01,RD-03,RP1.3-UPPER-01,passed,"2026-08-11T22:02:13.160332+08:00","2026-08-11T22:22:45+08:00",0.33621025,"0.34h",shn,研发实验室,测试收到 Ctrl+C 后中断，待补充中断原因与测试分析,"",0,"2026-08-11T22:22:45+08:00","",InfluxDB/joint_metrics,archived,"","2026-08-11T22:02:13.169616+08:00","2026-08-11T22:24:02.631994+08:00"
REL-UPPER-001_2608120939_RP1.3-UPPER-01_RD-03,REL-UPPER-001,上肢模块（腰部+双臂）空载连续摆动老化测试,RP1.3-UPPER-01,RD-03,RP1.3-UPPER-01,failed,"2026-08-12T09:39:21.948654+08:00","2026-08-12T17:20:14+08:00",7.675354,"7.68h",SHN,研发实验室,测试被安全监控终止：[watchdog] t=27627.46s kind=stale motor_id=3 joint=right_shoulder_yaw_joint feedback stale 2.5s pos=-0.7322 cmd=-0.1130 |cmd-act|=0.619 rad,电机信号断裂,0,"2026-08-12T17:20:14+08:00","",InfluxDB/joint_metrics,archived,"","2026-08-12T09:39:21.958522+08:00","2026-08-12T17:33:00.850199+08:00"
REL-LOWER-001_2608121056_RP1.3-LOWER-01_RD-02,REL-LOWER-001,下肢模块（双腿+腰部）空载连续摆动老化测试,RP1.3-LOWER-01,RD-02,RP1.3-LOWER-01,blocked,"2026-08-12T10:56:31.881250+08:00","2026-08-13T00:08:48+08:00",13.191269,"13.19h",SHN,研发实验室,测试收到 Ctrl+C 后中断，待补充中断原因与测试分析,"",0,"2026-08-13T00:08:48+08:00","",InfluxDB/joint_metrics,pending,"","2026-08-12T10:56:31.892808+08:00","2026-08-13T00:08:48.198742+08:00"
REL-SARM-002_2608141149_RP1.3-ARM-03_RD-01,REL-SARM-002,单臂模块带载连续摆动老化测试,RP1.3-ARM-03,RD-01,RP1.3-ARM-03,failed,"2026-08-14T11:49:35.178983+08:00","2026-08-14T13:19:19+08:00",1.4929029,"1.49h",shn,研发实验室,测试被安全监控终止：[watchdog] t=5374.40s kind=error_id motor_id=2 joint=left_shoulder_roll_joint error_id=7 pos=+1.6730 cmd=+2.0626,"6号电机信号线断裂",0,"2026-08-14T13:19:19+08:00","",InfluxDB/joint_metrics,archived,"","2026-08-14T11:49:35.188926+08:00","2026-08-14T13:39:13.011312+08:00"
REL-LOWER-002_2608130940_RP1.3-LOWER-01_RD-02,REL-LOWER-002,下肢模块（双腿+腰部）带载连续摆动老化测试,RP1.3-LOWER-01,RD-02,RP1.3-LOWER-01,passed,"2026-08-13T09:40:09.744142+08:00","2026-08-14T00:49:41+08:00",15.147552,"15.15h",sun66,研发实验室,测试收到 Ctrl+C 后中断，待补充中断原因与测试分析,"",0,"2026-08-14T00:49:41+08:00","",InfluxDB/joint_metrics,pending,"","2026-08-13T09:40:09.760523+08:00","2026-08-14T00:50:38.890646+08:00"
REL-SARM-002_2608131805_RP1.3-ARM-03_RD-01,REL-SARM-002,单臂模块带载连续摆动老化测试,RP1.3-ARM-03,RD-01,RP1.3-ARM-03,failed,"2026-08-13T18:05:24.274828+08:00","2026-08-14T00:15:58+08:00",6.173154,"6.17h",shn,研发实验室,测试被安全监控终止：[watchdog] t=22223.08s kind=error_id motor_id=1 joint=left_shoulder_pitch_joint error_id=7 pos=-0.0349 cmd=-0.0293,ID6信号线断裂,0,"2026-08-14T00:15:58+08:00","",InfluxDB/joint_metrics,pending,"","2026-08-13T18:05:24.285533+08:00","2026-08-14T01:25:13.097951+08:00"
REL-SARM-002_2608131050_RP1.3-ARM-03_RD-01,REL-SARM-002,单臂模块带载连续摆动老化测试,RP1.3-ARM-03,RD-01,RP1.3-ARM-03,failed,"2026-08-13T10:50:25.395330+08:00","2026-08-13T14:03:32+08:00",3.2163246,"3.22h",shn,研发实验室,测试被安全监控终止：[watchdog] t=11578.63s kind=stale motor_id=6 joint=left_wrist_yaw_joint feedback stale 2.1s pos=+0.2607 cmd=-0.4995 |cmd-act|=0.760 rad,线材破损烧焦,0,"2026-08-13T14:03:32+08:00","",InfluxDB/joint_metrics,archived,"","2026-08-13T10:50:25.406233+08:00","2026-08-13T14:52:11.889067+08:00"
REL-LOWER-002_2608130936_RP1.3-LOWER-01_RD-02,REL-LOWER-002,下肢模块（双腿+腰部）带载连续摆动老化测试,RP1.3-LOWER-01,RD-02,RP1.3-LOWER-01,failed,"2026-08-13T09:36:45.578844+08:00","2026-08-13T09:38:12+08:00",0.017975435,"0.02h",sun66,研发实验室,测试被安全监控终止：[watchdog] t=64.50s kind=stale motor_id=7 joint=right_ankle_roll_joint feedback stale 2.0s pos=-0.2634 cmd=-0.7860 |cmd-act|=0.523 rad,支路短路，影响到本路电压,0,"2026-08-13T09:38:12+08:00","",InfluxDB/joint_metrics,archived,"","2026-08-13T09:36:45.589318+08:00","2026-08-13T21:47:27.658030+08:00"
REL-UPPER-001_2608141501_RP1.3-UPPER-01_RD-01,REL-UPPER-001,上肢模块（腰部+双臂）空载连续摆动老化测试,RP1.3-UPPER-01,RD-01,RP1.3-UPPER-01,passed,"2026-08-14T15:01:46.331918+08:00","2026-08-14T18:21:59+08:00",3.3339581,"3.33h",sun66,研发实验室,测试收到 Ctrl+C 后中断，待补充中断原因与测试分析,"",0,"2026-08-14T18:21:59+08:00","",InfluxDB/joint_metrics,pending,"","2026-08-14T15:01:46.344356+08:00","2026-08-15T15:07:54.627390+08:00"
REL-LOWER-002_2608151646_RP1.3-LOWER-01_RD-02,REL-LOWER-002,下肢模块（双腿+腰部）带载连续摆动老化测试,RP1.3-LOWER-01,RD-02,RP1.3-LOWER-01,passed,"2026-08-15T16:46:18.214012+08:00","2026-08-15T22:09:24+08:00",5.3723583,"5.37h",sun66,研发实验室,测试收到 Ctrl+C 后中断，待补充中断原因与测试分析,"",0,"2026-08-15T22:09:24+08:00","",InfluxDB/joint_metrics,pending,"","2026-08-15T16:46:18.226121+08:00","2026-08-15T22:19:42.593871+08:00"
REL-SARM-002_2608141422_RP1.3-ARM-01_RD-01,REL-SARM-002,单臂模块带载连续摆动老化测试,RP1.3-ARM-01,RD-01,RP1.3-ARM-01,passed,"2026-08-14T14:22:51.371703+08:00","2026-08-14T18:13:42+08:00",3.8452804,"3.85h",shn,研发实验室,测试收到 Ctrl+C 后中断，待补充中断原因与测试分析,"",0,"2026-08-14T18:13:42+08:00","",InfluxDB/joint_metrics,pending,"","2026-08-14T14:22:51.384091+08:00","2026-08-15T15:08:04.549479+08:00"
REL-LOWER-002_2608141135_RP1.3-LOWER-01_RD-02,REL-LOWER-002,下肢模块（双腿+腰部）带载连续摆动老化测试,RP1.3-LOWER-01,RD-02,RP1.3-LOWER-01,passed,"2026-08-14T11:35:25.196388+08:00","2026-08-14T18:21:59+08:00",6.76,"6.76h",sun66,研发实验室,测试收到 Ctrl+C 后中断，待补充中断原因与测试分析,"",0,"2026-08-14T11:35:48+08:00","",InfluxDB/joint_metrics,pending,"","2026-08-14T11:35:25.208500+08:00","2026-08-15T15:08:13.851914+08:00"
REL-SARM-002_2608161558_RP1.3-ARM-03_RD-01,REL-SARM-002,单臂模块带载连续摆动老化测试,RP1.3-ARM-03,RD-01,RP1.3-ARM-03,blocked,"2026-08-16T15:58:42.738092+08:00","2026-08-16T17:25:59+08:00",1.4517126,"1.45h",shn,研发实验室,测试收到 Ctrl+C 后中断，待补充中断原因与测试分析,"",0,"2026-08-16T17:25:59+08:00","",InfluxDB/joint_metrics,pending,"","2026-08-16T15:58:42.747502+08:00","2026-08-16T17:25:58.959222+08:00"
REL-UPPER-001_2608151649_RP1.3-UPPER-01_RD-03,REL-UPPER-001,上肢模块（腰部+双臂）空载连续摆动老化测试,RP1.3-UPPER-01,RD-03,RP1.3-UPPER-01,passed,"2026-08-15T16:49:17.297221+08:00","2026-08-15T22:08:57+08:00",5.319061,"5.32h",SHN,研发实验室,测试收到 Ctrl+C 后中断，待补充中断原因与测试分析,"",0,"2026-08-15T22:08:57+08:00","",InfluxDB/joint_metrics,pending,"","2026-08-15T16:49:17.307495+08:00","2026-08-15T22:17:19.871030+08:00"
REL-LOWER-002_2608171427_RP1.3-LOWER-01_RD-02,REL-LOWER-002,下肢模块（双腿+腰部）带载连续摆动老化测试,RP1.3-LOWER-01,RD-02,RP1.3-LOWER-01,failed,"2026-08-17T14:27:05.318983+08:00","2026-08-17T14:38:00+08:00",0.0,"0.00h",sun66,研发实验室,工控机卡死重启，未正常 finalize；last_data_at=14:27:26,"",0,"2026-08-17T14:27:26+08:00","",InfluxDB/joint_metrics,archived,"","2026-08-17T14:27:05.330361+08:00","2026-08-18T07:52:55.938314+08:00"
PERF-SARM-001_2608201458_RP1.3-ARM-03_RD-01,PERF-SARM-001,PERF-SARM-001,RP1.3-ARM-03,RD-01,RP1.3-ARM-03,passed,"2026-08-20T14:58:35.485832+08:00","2026-08-20T14:58:38+08:00",0.00060518,"0.00h",shn,研发实验室,遥测采集完成，共 108 行,"",0,"2026-08-20T14:58:38+08:00","",InfluxDB/joint_metrics,pending,"","2026-08-20T14:58:35.496575+08:00","2026-08-20T14:58:38.543766+08:00"
REL-SARM-002_2608191105_RP1.3-ARM-03_RD-01,REL-SARM-002,单臂模块带载连续摆动老化测试,RP1.3-ARM-03,RD-01,RP1.3-ARM-03,blocked,"2026-08-19T11:05:21.649820+08:00","2026-08-19T11:11:29+08:00",0.10048038,"0.10h",shn,研发实验室,测试收到 Ctrl+C 后中断，待补充中断原因与测试分析,"",0,"2026-08-19T11:11:29+08:00","",InfluxDB/joint_metrics,pending,"","2026-08-19T11:05:21.662862+08:00","2026-08-19T11:11:29.535069+08:00"
REL-SARM-002_2608171452_RP1.3-ARM-03_RD-01,REL-SARM-002,单臂模块带载连续摆动老化测试,RP1.3-ARM-03,RD-01,RP1.3-ARM-03,passed,"2026-08-17T14:52:13.302360+08:00","2026-08-17T19:52:13.302360+08:00",5.0,"5.00h",shn,研发实验室,采集端超时无数据（last_data_at=2026-08-17T14:52:15+08:00，超过 300 秒），疑似工控机卡死或断连，服务端已自动收口为 blocked,采集端超时无数据（last_data_at=2026-08-17T14:52:15+08:00，超过 300 秒），疑似工控机卡死或断连，服务端已自动收口为 blocked,0,"2026-08-17T14:52:15+08:00","",InfluxDB/joint_metrics,pending,"","2026-08-17T14:52:13.313734+08:00","2026-08-18T07:51:52.654105+08:00"
REL-SARM-002_2608171425_RP1.3-ARM-03_RD-01,REL-SARM-002,单臂模块带载连续摆动老化测试,RP1.3-ARM-03,RD-01,RP1.3-ARM-01,failed,"2026-08-17T14:25:09.374610+08:00","2026-08-17T14:48:19+08:00",0.3813894,"0.38h",shn,研发实验室,测试被安全监控终止：[watchdog] t=1372.89s kind=stale motor_id=2 joint=left_shoulder_roll_joint feedback stale 3.6s pos=-0.0097 cmd=+1.5644 |cmd-act|=1.574 rad,"6号电机线材短路",0,"2026-08-17T14:48:19+08:00","",InfluxDB/joint_metrics,pending,"","2026-08-17T14:25:09.386161+08:00","2026-08-18T07:52:34.097045+08:00"
REL-UPPER-001_2608180755_RP1.3-UPPER-01_RD-03,REL-UPPER-001,上肢模块（腰部+双臂）空载连续摆动老化测试,RP1.3-UPPER-01,RD-03,RP1.3-UPPER-01,scheduled,"2026-08-18T07:55:39.257360+08:00","",0.0,"",SHN,研发实验室,"","",0,"2026-08-18T07:55:39.257360+08:00","","",pending,"","2026-08-18T07:55:39.267370+08:00","2026-08-18T07:55:39.267370+08:00"
REL-SARM-002_2608181154_RP1.3-ARM-03_RD-01,REL-SARM-002,单臂模块带载连续摆动老化测试,RP1.3-ARM-03,RD-01,RP1.3-ARM-03,failed,"2026-08-18T11:54:03.339721+08:00","2026-08-18T20:56:13+08:00",9.031873,"9.03h",shn,研发实验室,测试被安全监控终止：[watchdog] t=32448.48s kind=stale motor_id=6 joint=left_wrist_yaw_joint feedback stale 2.0s pos=+1.0222 cmd=-1.0953 |cmd-act|=2.117 rad,线材磨断,0,"2026-08-18T20:56:13+08:00","",InfluxDB/joint_metrics,pending,"","2026-08-18T11:54:03.351951+08:00","2026-08-18T23:06:29.247457+08:00"
REL-UPPER-001_2608180759_RP1.3-UPPER-01_RD-03,REL-UPPER-001,上肢模块（腰部+双臂）空载连续摆动老化测试,RP1.3-UPPER-01,RD-03,RP1.3-UPPER-01,blocked,"2026-08-18T07:59:41.251276+08:00","2026-08-19T00:55:17+08:00",16.91872,"16.92h",sun66,研发实验室,测试收到 Ctrl+C 后中断，待补充中断原因与测试分析,"",0,"2026-08-19T00:55:17+08:00","",InfluxDB/joint_metrics,pending,"","2026-08-18T07:59:41.262921+08:00","2026-08-19T00:55:17.725646+08:00"
REL-LOWER-002_2608191047_RP1.3-LOWER-01_RD-02,REL-LOWER-002,下肢模块（双腿+腰部）带载连续摆动老化测试,RP1.3-LOWER-01,RD-02,RP1.3-LOWER-01,passed,"2026-08-19T10:47:24.028362+08:00","2026-08-19T23:28:34+08:00",12.67489,"12.67h",sun66,研发实验室,测试收到 Ctrl+C 后中断，待补充中断原因与测试分析,"",0,"2026-08-19T23:28:34+08:00","",InfluxDB/joint_metrics,pending,"","2026-08-19T10:47:24.038442+08:00","2026-08-26T11:15:52.933119+08:00"
REL-SARM-002_2608191116_RP1.3-ARM-03_RD-01,REL-SARM-002,单臂模块带载连续摆动老化测试,RP1.3-ARM-03,RD-01,RP1.3-ARM-03,blocked,"2026-08-19T11:16:51.947806+08:00","2026-08-19T12:06:40+08:00",0.8283494,"0.83h",shn,研发实验室,测试被安全监控终止：[watchdog] t=2981.96s kind=error_id motor_id=7 joint=left_wrist_pitch_joint error_id=3 pos=+0.4854 cmd=+0.5709,"",0,"2026-08-19T12:06:40+08:00","",InfluxDB/joint_metrics,pending,"","2026-08-19T11:16:51.958298+08:00","2026-08-19T12:06:40.587878+08:00"
REL-UPPER-001_2608191025_RP1.3-UPPER-01_RD-03,REL-UPPER-001,上肢模块（腰部+双臂）空载连续摆动老化测试,RP1.3-UPPER-01,RD-03,RP1.3-UPPER-01,blocked,"2026-08-19T10:25:48.083781+08:00","2026-08-19T16:34:37+08:00",6.1022186,"6.10h",sun66,研发实验室,测试被安全监控终止：[watchdog] t=21963.98s kind=error_id motor_id=4 joint=right_elbow_joint error_id=7 pos=-0.4759 cmd=-0.1838,"",0,"2026-08-19T16:34:37+08:00","",InfluxDB/joint_metrics,pending,"","2026-08-19T10:25:48.093794+08:00","2026-08-19T16:34:37.545311+08:00"
REL-LOWER-002_2608180802_RP1.3-LOWER-01_RD-02,REL-LOWER-002,下肢模块（双腿+腰部）带载连续摆动老化测试,RP1.3-LOWER-01,RD-02,RP1.3-LOWER-01,passed,"2026-08-18T08:02:19.220010+08:00","2026-08-19T00:54:46+08:00",16.861607,"16.86h",sun66,研发实验室,测试收到 Ctrl+C 后中断，待补充中断原因与测试分析,"",0,"2026-08-19T00:54:46+08:00","",InfluxDB/joint_metrics,pending,"","2026-08-18T08:02:19.231042+08:00","2026-08-26T11:16:34.128379+08:00"
REL-SARM-002_2608201018_RP1.3-ARM-03_RD-01,REL-SARM-002,单臂模块带载连续摆动老化测试,RP1.3-ARM-03,RD-01,RP1.3-ARM-03,blocked,"2026-08-20T10:18:56.826167+08:00","2026-08-20T11:06:36+08:00",0.7925343,"0.79h",shn,研发实验室,测试被安全监控终止：[watchdog] t=2852.96s kind=stale motor_id=6 joint=left_wrist_yaw_joint feedback stale 2.0s pos=-0.9146 cmd=+1.0564 |cmd-act|=1.971 rad,"",0,"2026-08-20T11:06:36+08:00","",InfluxDB/joint_metrics,pending,"","2026-08-20T10:18:56.836937+08:00","2026-08-20T11:06:36.539827+08:00"
PERF-SARM-001_2608201324_RP1.3-ARM-03_RD-01,PERF-SARM-001,PERF-SARM-001,RP1.3-ARM-03,RD-01,RP1.3-ARM-03,passed,"2026-08-20T13:24:17.943342+08:00","2026-08-20T13:25:28+08:00",0.019223792,"0.02h",shn,研发实验室,遥测采集完成，共 3408 行,"",0,"2026-08-20T13:25:28+08:00","",InfluxDB/joint_metrics,pending,"","2026-08-20T13:24:17.954574+08:00","2026-08-20T13:25:28.541011+08:00"
PERF-SARM-001_2608201500_RP1.3-ARM-03_RD-01,PERF-SARM-001,PERF-SARM-001,RP1.3-ARM-03,RD-01,RP1.3-ARM-03,passed,"2026-08-20T15:00:19.185884+08:00","2026-08-20T15:05:32+08:00",0.086797334,"0.09h",shn,研发实验室,遥测采集完成，共 15393 行,"",0,"2026-08-20T15:05:32+08:00","",InfluxDB/joint_metrics,pending,"","2026-08-20T15:00:19.195663+08:00","2026-08-20T15:05:32.542878+08:00"
PERF-SARM-001_2608201538_RP1.3-ARM-03_RD-01,PERF-SARM-001,PERF-SARM-001,RP1.3-ARM-03,RD-01,RP1.3-ARM-03,passed,"2026-08-20T15:38:48.496692+08:00","2026-08-20T15:40:19+08:00",0.025022421,"0.03h",shn,研发实验室,遥测采集完成，共 4436 行,"",0,"2026-08-20T15:40:19+08:00","",InfluxDB/joint_metrics,pending,"","2026-08-20T15:38:48.506743+08:00","2026-08-20T15:40:19.535520+08:00"
PERF-SARM-001_2608201701_RP1.3-ARM-01_RD-01,PERF-SARM-001,PERF-SARM-001,RP1.3-ARM-01,RD-01,RP1.3-ARM-01,passed,"2026-08-20T17:01:17.987491+08:00","2026-08-20T17:02:22+08:00",0.01753658,"0.02h",shn,研发实验室,遥测采集完成，共 3112 行,"",0,"2026-08-20T17:02:22+08:00","",InfluxDB/joint_metrics,pending,"","2026-08-20T17:01:17.998838+08:00","2026-08-20T17:02:22.546765+08:00"
REL-UPPER-001_2608201049_RP1.3-UPPER-01_RD-03,REL-UPPER-001,上肢模块（腰部+双臂）空载连续摆动老化测试,RP1.3-UPPER-01,RD-03,RP1.3-UPPER-01,blocked,"2026-08-20T10:49:13.346823+08:00","2026-08-20T21:58:01+08:00",11.140493,"11.14h",SHN,研发实验室,测试收到 Ctrl+C 后中断，待补充中断原因与测试分析,"",0,"2026-08-20T21:58:01+08:00","",InfluxDB/joint_metrics,pending,"","2026-08-20T10:49:13.358850+08:00","2026-08-20T21:58:01.578291+08:00"
REL-LOWER-001_2608261059_RP1.3-LOWER-01_RD-02,REL-LOWER-001,下肢模块（双腿+腰部）空载连续摆动老化测试,RP1.3-LOWER-01,RD-02,RP1.3-LOWER-01,blocked,"2026-08-26T10:59:20.633319+08:00","2026-08-26T13:11:32+08:00",2.1982038,"2.20h",sun66,研发实验室,测试收到 Ctrl+C 后中断，待补充中断原因与测试分析,"",0,"2026-08-26T13:11:32+08:00","",InfluxDB/joint_metrics,pending,"","2026-08-26T10:59:20.644639+08:00","2026-08-26T13:11:32.768943+08:00"
REL-LOWER-001_2608261328_RP1.3-LOWER-01_RD-02,REL-LOWER-001,下肢模块（双腿+腰部）空载连续摆动老化测试,RP1.3-LOWER-01,RD-02,RP1.3-LOWER-01,blocked,"2026-08-26T13:28:42.159989+08:00","2026-08-26T15:04:36+08:00",1.5372313,"1.54h",sun66,研发实验室,测试被安全监控终止：[watchdog] t=5531.37s kind=error_id motor_id=2 joint=right_hip_pitch_joint error_id=3 pos=+0.1040 cmd=+0.7360,"",0,"2026-08-26T15:04:36+08:00","",InfluxDB/joint_metrics,pending,"","2026-08-26T13:28:42.171725+08:00","2026-08-26T15:04:36.770414+08:00"
REL-UPPER-001_2608250901_RP1.3-UPPER-01_RD-03,REL-UPPER-001,上肢模块（腰部+双臂）空载连续摆动老化测试,RP1.3-UPPER-01,RD-03,RP1.3-UPPER-01,passed,"2026-08-25T09:01:33.635574+08:00","2026-08-25T21:31:25+08:00",12.5,"12.50h",sun66,研发实验室,操作员手动停止操作,"",0,"2026-08-25T21:31:25+08:00","",InfluxDB/joint_metrics,pending,"","2026-08-25T09:01:33.647532+08:00","2026-08-25T21:35:12.449776+08:00"
REL-LOWER-001_2608261511_RP1.3-LOWER-01_RD-02,REL-LOWER-001,下肢模块（双腿+腰部）空载连续摆动老化测试,RP1.3-LOWER-01,RD-02,RP1.3-LOWER-01,scheduled,"2026-08-26T15:11:50.756821+08:00","",0.0,"",sun66,研发实验室,"","",0,"2026-08-26T15:11:50.756821+08:00","","",pending,"","2026-08-26T15:11:50.769002+08:00","2026-08-26T15:11:50.769002+08:00"
REL-LOWER-001_2608271007_RP1.3-LOWER-01_RD-02,REL-LOWER-001,下肢模块（双腿+腰部）空载连续摆动老化测试,RP1.3-LOWER-01,RD-02,RP1.3-LOWER-01,passed,"2026-08-27T10:07:36.101692+08:00","2026-08-27T21:49:29+08:00",11.687972,"11.69h",sun66,研发实验室,测试收到 Ctrl+C 后中断，待补充中断原因与测试分析,"",0,"2026-08-27T21:49:29+08:00","",InfluxDB/joint_metrics,pending,"","2026-08-27T10:07:36.111562+08:00","2026-08-27T21:57:56.796429+08:00"
REL-UPPER-001_2608271004_RP1.3-UPPER-001_RD-03,REL-UPPER-001,上肢模块（腰部+双臂）空载连续摆动老化测试,RP1.3-UPPER-001,RD-03,RP1.3-UPPER-01,passed,"2026-08-27T10:04:01.525152+08:00","2026-08-27T21:49:06+08:00",11.744787,"11.74h",sun66,研发实验室,测试收到 Ctrl+C 后中断，待补充中断原因与测试分析,"",0,"2026-08-27T21:49:06+08:00","",InfluxDB/joint_metrics,pending,"","2026-08-27T10:04:01.535100+08:00","2026-08-27T21:58:25.840988+08:00"
REL-LOWER-002_2608250902_RP1.3-LOWER-01_RD-02,REL-LOWER-002,下肢模块（双腿+腰部）空载连续摆动老化测试,RP1.3-LOWER-01,RD-02,RP1.3-LOWER-01,passed,"2026-08-25T09:02:39.507953+08:00","2026-08-25T21:31:25+08:00",12.479303,"12.48h",sun66,研发实验室,操作员手动停止操作,"",0,"2026-08-25T21:31:25+08:00","",InfluxDB/joint_metrics,pending,"","2026-08-25T09:02:39.519851+08:00","2026-08-26T11:15:46.614251+08:00"
REL-UPPER-001_2608261057_RP1.3-UPPER-01_RD-03,REL-UPPER-001,上肢模块（腰部+双臂）空载连续摆动老化测试,RP1.3-UPPER-01,RD-03,RP1.3-UPPER-01,passed,"2026-08-26T10:57:56.323339+08:00","2026-08-26T23:11:24+08:00",12.217914,"12.22h",sun66,研发实验室,测试收到 Ctrl+C 后中断，待补充中断原因与测试分析,"",0,"2026-08-26T23:11:24+08:00","",InfluxDB/joint_metrics,pending,"","2026-08-26T10:57:56.334456+08:00","2026-08-27T21:58:33.209270+08:00"
REL-LOWER-001_2608271005_RP1.3-LOWER-01_RD-02,REL-LOWER-001,下肢模块（双腿+腰部）空载连续摆动老化测试,RP1.3-LOWER-01,RD-02,RP1.3-LOWER-01,passed,"2026-08-27T10:05:08.789438+08:00","2026-08-27T10:06:56+08:00",0.023271356,"0.02h",sun66,研发实验室,测试收到 Ctrl+C 后中断，待补充中断原因与测试分析,"",0,"2026-08-27T10:06:56+08:00","",InfluxDB/joint_metrics,pending,"","2026-08-27T10:05:08.798556+08:00","2026-08-27T21:58:05.089905+08:00"
REL-LOWER-001_2608281012_RP1.3-LOWER-01_RD-02,REL-LOWER-001,下肢模块（双腿+腰部）空载连续摆动老化测试,RP1.3-LOWER-01,RD-02,RP1.3-LOWER-01,passed,"2026-08-28T10:12:08.668358+08:00","2026-08-28T16:36:18+08:00",6.3920393,"6.39h",sun66,研发实验室,测试被安全监控终止：controller_timeout: control heartbeat is 0.504s old (limit 0.500s),"",0,"2026-08-28T16:36:18+08:00","",InfluxDB/joint_metrics,pending,"","2026-08-28T10:12:08.678011+08:00","2026-08-28T16:36:18.771119+08:00"
REL-UPPER-001_2608281013_RP1.3-UPPER-01_RD-03,REL-UPPER-001,上肢模块（腰部+双臂）空载连续摆动老化测试,RP1.3-UPPER-01,RD-03,RP1.3-UPPER-01,passed,"2026-08-28T10:13:32.489765+08:00","2026-08-28T16:46:36+08:00",6.5404916,"6.54h",sun66,研发实验室,测试被安全监控终止：controller_timeout: control heartbeat is 0.540s old (limit 0.500s),"",0,"2026-08-28T16:46:36+08:00","",InfluxDB/joint_metrics,pending,"","2026-08-28T10:13:32.500094+08:00","2026-08-28T17:29:50.654721+08:00"
REL-LOWER-001_2608261513_RP1.3-LOWER-01_RD-02,REL-LOWER-001,下肢模块（双腿+腰部）空载连续摆动老化测试,RP1.3-LOWER-01,RD-02,RP1.3-LOWER-01,passed,"2026-08-26T15:13:26.924076+08:00","2026-08-26T16:10:31+08:00",0.9426585,"0.94h",sun66,研发实验室,测试收到 Ctrl+C 后中断，待补充中断原因与测试分析,"",0,"2026-08-26T16:10:31+08:00","",InfluxDB/joint_metrics,pending,"","2026-08-26T15:13:26.935933+08:00","2026-08-27T21:58:13.546802+08:00"
REL-LOWER-001_2608281804_RP1.3-LOWER-01_RD-02,REL-LOWER-001,下肢模块（双腿+腰部）空载连续摆动老化测试,RP1.3-LOWER-01,RD-02,RP1.3-LOWER-01,scheduled,"2026-08-28T18:04:05.945196+08:00","",0.0,"",sun66,研发实验室,"","",0,"2026-08-28T18:04:05.945196+08:00","","",pending,"","2026-08-28T18:04:05.957372+08:00","2026-08-28T18:04:05.957372+08:00"
REL-UPPER-001_2608281802_RP1.3-UPPER-01_RD-02,REL-UPPER-001,上肢模块（腰部+双臂）空载连续摆动老化测试,RP1.3-UPPER-01,RD-02,RP1.3-UPPER-01,blocked,"2026-08-28T18:02:53.084540+08:00","2026-08-28T21:28:47+08:00",3.4284523,"3.43h",sun66,研发实验室,测试收到 Ctrl+C 后中断，待补充中断原因与测试分析,"",0,"2026-08-28T21:28:47+08:00","",InfluxDB/joint_metrics,pending,"","2026-08-28T18:02:53.096535+08:00","2026-08-28T21:28:47.838925+08:00"
REL-LOWER-001_2608281805_RP1.3-LOWER-01_RD-02,REL-LOWER-001,下肢模块（双腿+腰部）空载连续摆动老化测试,RP1.3-LOWER-01,RD-02,RP1.3-LOWER-01,blocked,"2026-08-28T18:05:02.127982+08:00","2026-08-28T21:28:54+08:00",3.3921018,"3.39h",sun66,研发实验室,测试收到 Ctrl+C 后中断，待补充中断原因与测试分析,"",0,"2026-08-28T21:28:54+08:00","",InfluxDB/joint_metrics,pending,"","2026-08-28T18:05:02.137694+08:00","2026-08-28T21:28:54.769445+08:00"
REL-SLEG-002_2607150900_RP1.3-LOWER-01_RD-02,REL-SLEG-002,单腿模块带载连续摆动老化测试,RP1.3-LOWER-01,RD-02,RP1.3-LOWER-01,passed,"2026-07-15T09:00:00+08:00","2026-07-15T19:00:00+08:00",10.0,"10.00h",shn,研发单腿台架 02 / 测试中心 A 区,历史补录：单腿/单臂带载老化累计时长,"",0,"2026-07-15T19:00:00+08:00","",manual-backfill,pending,"","2026-07-15T09:00:00+08:00","2026-07-15T09:00:00+08:00"
REL-SLEG-002_2607160900_RP1.3-LOWER-01_RD-02,REL-SLEG-002,单腿模块带载连续摆动老化测试,RP1.3-LOWER-01,RD-02,RP1.3-LOWER-01,passed,"2026-07-16T09:00:00+08:00","2026-07-16T18:00:00+08:00",9.0,"9.00h",shn,研发单腿台架 02 / 测试中心 A 区,历史补录：单腿/单臂带载老化累计时长,"",0,"2026-07-16T18:00:00+08:00","",manual-backfill,pending,"","2026-07-16T09:00:00+08:00","2026-07-16T09:00:00+08:00"
REL-SLEG-002_2607170900_RP1.3-LOWER-01_RD-02,REL-SLEG-002,单腿模块带载连续摆动老化测试,RP1.3-LOWER-01,RD-02,RP1.3-LOWER-01,passed,"2026-07-17T09:00:00+08:00","2026-07-17T17:00:00+08:00",8.0,"8.00h",shn,研发单腿台架 02 / 测试中心 A 区,历史补录：单腿/单臂带载老化累计时长,"",0,"2026-07-17T17:00:00+08:00","",manual-backfill,pending,"","2026-07-17T09:00:00+08:00","2026-07-17T09:00:00+08:00"
REL-SLEG-002_2607180900_RP1.3-LOWER-01_RD-02,REL-SLEG-002,单腿模块带载连续摆动老化测试,RP1.3-LOWER-01,RD-02,RP1.3-LOWER-01,passed,"2026-07-18T09:00:00+08:00","2026-07-18T17:00:00+08:00",8.0,"8.00h",shn,研发单腿台架 02 / 测试中心 A 区,历史补录：单腿/单臂带载老化累计时长,"",0,"2026-07-18T17:00:00+08:00","",manual-backfill,pending,"","2026-07-18T09:00:00+08:00","2026-07-18T09:00:00+08:00"
REL-SLEG-002_2607220900_RP1.3-LOWER-01_RD-02,REL-SLEG-002,单腿模块带载连续摆动老化测试,RP1.3-LOWER-01,RD-02,RP1.3-LOWER-01,passed,"2026-07-22T09:00:00+08:00","2026-07-22T16:00:00+08:00",7.0,"7.00h",shn,研发单腿台架 02 / 测试中心 A 区,历史补录：单腿/单臂带载老化累计时长,"",0,"2026-07-22T16:00:00+08:00","",manual-backfill,pending,"","2026-07-22T09:00:00+08:00","2026-07-22T09:00:00+08:00"
REL-SLEG-002_2607240900_RP1.3-LOWER-01_RD-02,REL-SLEG-002,单腿模块带载连续摆动老化测试,RP1.3-LOWER-01,RD-02,RP1.3-LOWER-01,passed,"2026-07-24T09:00:00+08:00","2026-07-24T15:00:00+08:00",6.0,"6.00h",shn,研发单腿台架 02 / 测试中心 A 区,历史补录：单腿/单臂带载老化累计时长,"",0,"2026-07-24T15:00:00+08:00","",manual-backfill,pending,"","2026-07-24T09:00:00+08:00","2026-07-24T09:00:00+08:00"
REL-SLEG-001_2607110900_RP1.3-LOWER-01_RD-02,REL-SLEG-001,单腿模块空载连续摆动老化测试,RP1.3-LOWER-01,RD-02,RP1.3-LOWER-01,passed,"2026-07-11T09:00:00+08:00","2026-07-11T17:00:00+08:00",8.0,"8.00h",shn,研发单腿台架 02 / 测试中心 A 区,历史补录：单腿/单臂带载老化累计时长,"",0,"2026-07-11T17:00:00+08:00","",manual-backfill,pending,"","2026-07-11T09:00:00+08:00","2026-07-11T09:00:00+08:00"
REL-SLEG-001_2607120900_RP1.3-LOWER-01_RD-02,REL-SLEG-001,单腿模块空载连续摆动老化测试,RP1.3-LOWER-01,RD-02,RP1.3-LOWER-01,passed,"2026-07-12T09:00:00+08:00","2026-07-12T16:00:00+08:00",7.0,"7.00h",shn,研发单腿台架 02 / 测试中心 A 区,历史补录：单腿/单臂带载老化累计时长,"",0,"2026-07-12T16:00:00+08:00","",manual-backfill,pending,"","2026-07-12T09:00:00+08:00","2026-07-12T09:00:00+08:00"
REL-SLEG-001_2607230900_RP1.3-LOWER-01_RD-02,REL-SLEG-001,单腿模块空载连续摆动老化测试,RP1.3-LOWER-01,RD-02,RP1.3-LOWER-01,passed,"2026-07-23T09:00:00+08:00","2026-07-23T15:00:00+08:00",6.0,"6.00h",shn,研发单腿台架 02 / 测试中心 A 区,历史补录：单腿/单臂带载老化累计时长,"",0,"2026-07-23T15:00:00+08:00","",manual-backfill,pending,"","2026-07-23T09:00:00+08:00","2026-07-23T09:00:00+08:00"
REL-SLEG-001_2607250900_RP1.3-LOWER-01_RD-02,REL-SLEG-001,单腿模块空载连续摆动老化测试,RP1.3-LOWER-01,RD-02,RP1.3-LOWER-01,passed,"2026-07-25T09:00:00+08:00","2026-07-25T14:52:48+08:00",5.88,"5.88h",shn,研发单腿台架 02 / 测试中心 A 区,历史补录：单腿/单臂带载老化累计时长,"",0,"2026-07-25T14:52:48+08:00","",manual-backfill,pending,"","2026-07-25T09:00:00+08:00","2026-07-25T09:00:00+08:00"
REL-SARM-002_2607291000_RP1.3-ARM-03_RD-01,REL-SARM-002,单臂模块带载连续摆动老化测试,RP1.3-ARM-03,RD-01,RP1.3-ARM-03,passed,"2026-07-29T10:00:00+08:00","2026-07-29T18:00:00+08:00",8.0,"8.00h",shn,研发实验室,历史补录：单腿/单臂带载老化累计时长,"",0,"2026-07-29T18:00:00+08:00","",manual-backfill,pending,"","2026-07-29T10:00:00+08:00","2026-07-29T10:00:00+08:00"
REL-SARM-002_2607301000_RP1.3-ARM-03_RD-01,REL-SARM-002,单臂模块带载连续摆动老化测试,RP1.3-ARM-03,RD-01,RP1.3-ARM-03,passed,"2026-07-30T10:00:00+08:00","2026-07-30T18:00:00+08:00",8.0,"8.00h",shn,研发实验室,历史补录：单腿/单臂带载老化累计时长,"",0,"2026-07-30T18:00:00+08:00","",manual-backfill,pending,"","2026-07-30T10:00:00+08:00","2026-07-30T10:00:00+08:00"
REL-SARM-002_2608011000_RP1.3-ARM-03_RD-01,REL-SARM-002,单臂模块带载连续摆动老化测试,RP1.3-ARM-03,RD-01,RP1.3-ARM-03,passed,"2026-08-01T10:00:00+08:00","2026-08-01T18:00:00+08:00",8.0,"8.00h",shn,研发实验室,历史补录：单腿/单臂带载老化累计时长,"",0,"2026-08-01T18:00:00+08:00","",manual-backfill,pending,"","2026-08-01T10:00:00+08:00","2026-08-01T10:00:00+08:00"
REL-SARM-002_2608021000_RP1.3-ARM-03_RD-01,REL-SARM-002,单臂模块带载连续摆动老化测试,RP1.3-ARM-03,RD-01,RP1.3-ARM-03,passed,"2026-08-02T10:00:00+08:00","2026-08-02T18:00:00+08:00",8.0,"8.00h",shn,研发实验室,历史补录：单腿/单臂带载老化累计时长,"",0,"2026-08-02T18:00:00+08:00","",manual-backfill,pending,"","2026-08-02T10:00:00+08:00","2026-08-02T10:00:00+08:00"
REL-SARM-002_2608031000_RP1.3-ARM-03_RD-01,REL-SARM-002,单臂模块带载连续摆动老化测试,RP1.3-ARM-03,RD-01,RP1.3-ARM-03,passed,"2026-08-03T10:00:00+08:00","2026-08-03T18:00:00+08:00",8.0,"8.00h",shn,研发实验室,历史补录：单腿/单臂带载老化累计时长,"",0,"2026-08-03T18:00:00+08:00","",manual-backfill,pending,"","2026-08-03T10:00:00+08:00","2026-08-03T10:00:00+08:00"
REL-UPPER-001_2609011024_RP1.3-UPPER-01_RD-02,REL-UPPER-001,上肢模块（腰部+双臂）空载连续摆动老化测试,RP1.3-UPPER-01,RD-02,RP1.3-UPPER-01,passed,"2026-09-01T10:24:54.296401+08:00","2026-09-01T14:34:59.074122+08:00",6.0,"6h",SHN,研发实验室,测试收到 Ctrl+C 后中断，待补充中断原因与测试分析,"",0,"2026-09-01T10:27:09+08:00","",InfluxDB/joint_metrics,pending,"","2026-09-01T10:24:54.309359+08:00","2026-09-01T10:27:09.528633+08:00"
REL-UPPER-001_2608311505_RP1.3-UPPER-01_RD-02,REL-UPPER-001,上肢模块（腰部+双臂）空载连续摆动老化测试,RP1.3-UPPER-01,RD-02,RP1.3-UPPER-01,passed,"2026-08-31T15:05:41.444201+08:00","2026-08-31T15:05:49+08:00",0.0005004,"0.00h",sun66,研发实验室,测试收到 Ctrl+C 后中断，待补充中断原因与测试分析,"",0,"2026-08-31T15:05:49+08:00","",InfluxDB/joint_metrics,pending,"","2026-08-31T15:05:41.455920+08:00","2026-08-31T15:05:49.345706+08:00"
REL-LOWER-001_2609011434_RP1.3-LOWER-01_RD-02,REL-LOWER-001,下肢模块（双腿+腰部）空载连续摆动老化测试,RP1.3-LOWER-01,RD-02,RP1.3-LOWER-01,passed,"2026-09-01T14:34:59.074122+08:00","2026-09-02T00:27:50+08:00",9.871491,"9.87h",sun66,研发实验室,测试收到 Ctrl+C 后中断，待补充中断原因与测试分析,"",0,"2026-09-02T00:27:50+08:00","",InfluxDB/joint_metrics,pending,"","2026-09-01T14:34:59.085853+08:00","2026-09-02T00:27:50.388287+08:00"
REL-LOWER-001_2608311503_RP1.3-LOWER-01_RD-02,REL-LOWER-001,下肢模块（双腿+腰部）空载连续摆动老化测试,RP1.3-LOWER-01,RD-02,RP1.3-LOWER-01,passed,"2026-08-31T15:03:43.507400+08:00","2026-08-31T20:58:31+08:00",5.906302,"5.91h",sun66,研发实验室,测试收到 Ctrl+C 后中断，待补充中断原因与测试分析,"",0,"2026-08-31T20:58:31+08:00","",InfluxDB/joint_metrics,pending,"","2026-08-31T15:03:43.520169+08:00","2026-08-31T20:58:31.361812+08:00"
REL-UPPER-001_2608311507_RP1.3-UPPER-01_RD-03,REL-UPPER-001,上肢模块（腰部+双臂）空载连续摆动老化测试,RP1.3-UPPER-01,RD-03,RP1.3-UPPER-01,passed,"2026-08-31T15:07:00.169757+08:00","2026-08-31T20:58:44+08:00",5.8586173,"5.86h",sun66,研发实验室,测试收到 Ctrl+C 后中断，待补充中断原因与测试分析,"",0,"2026-08-31T20:58:44+08:00","",InfluxDB/joint_metrics,pending,"","2026-08-31T15:07:00.181627+08:00","2026-08-31T20:58:44.525252+08:00"
REL-UPPER-001_2609021003_RP1.3-UPPER-01_RD-03,REL-UPPER-001,上肢模块（腰部+双臂）空载连续摆动老化测试,RP1.3-UPPER-01,RD-03,RP1.3-UPPER-01,passed,"2026-09-02T10:03:01.823235+08:00","2026-09-02T18:49:10+08:00",8.763663,"8.76h",sun66,研发实验室,测试收到 Ctrl+C 后中断，待补充中断原因与测试分析,"",0,"2026-09-02T18:49:10+08:00","",InfluxDB/joint_metrics,pending,"","2026-09-02T10:03:01.835120+08:00","2026-09-02T18:49:10.346221+08:00"
REL-LOWER-001_2609021004_RP1.3-LOWER-01_RD-02,REL-LOWER-001,下肢模块（双腿+腰部）空载连续摆动老化测试,RP1.3-LOWER-01,RD-02,RP1.3-LOWER-01,passed,"2026-09-02T10:04:04.660110+08:00","2026-09-02T18:49:18+08:00",8.742569,"8.74h",sun66,研发实验室,测试收到 Ctrl+C 后中断，待补充中断原因与测试分析,"",0,"2026-09-02T18:49:18+08:00","",InfluxDB/joint_metrics,pending,"","2026-09-02T10:04:04.678406+08:00","2026-09-02T18:49:18.401650+08:00"
REL-UPPER-001_2609011437_RP1.3-UPPER-01_RD-03,REL-UPPER-001,上肢模块（腰部+双臂）空载连续摆动老化测试,RP1.3-UPPER-01,RD-03,RP1.3-UPPER-01,passed,"2026-09-01T14:37:04.950406+08:00","2026-09-02T00:28:01+08:00",9.843382,"9.84h",sun66,研发实验室,测试收到 Ctrl+C 后中断，待补充中断原因与测试分析,"",0,"2026-09-02T00:28:01+08:00","",InfluxDB/joint_metrics,pending,"","2026-09-01T14:37:04.962581+08:00","2026-09-02T00:28:01.354838+08:00"
REL-LOWER-002_2609030912_RP1.3-LOWER-01_RD-02,REL-LOWER-002,下肢模块（双腿+腰部）带载连续摆动老化测试,RP1.3-LOWER-01,RD-02,RP1.3-LOWER-01,passed,"2026-09-03T09:12:30.143255+08:00","2026-09-03T19:56:19+08:00",10.718406,"10.72h",sun66,研发实验室,测试收到 Ctrl+C 后中断，待补充中断原因与测试分析,"",0,"2026-09-03T19:56:19+08:00","",InfluxDB/joint_metrics,pending,"","2026-09-03T09:12:30.157507+08:00","2026-09-03T19:56:19.405448+08:00"
REL-UPPER-001_2609030917_RP1.3-UPPER-01_RD-03,REL-UPPER-001,上肢模块（腰部+双臂）空载连续摆动老化测试,RP1.3-UPPER-01,RD-03,RP1.3-UPPER-01,passed,"2026-09-03T09:17:18.751433+08:00","2026-09-03T19:56:09+08:00",10.635421,"10.64h",SHN,研发实验室,测试收到 Ctrl+C 后中断，待补充中断原因与测试分析,"",0,"2026-09-03T19:56:09+08:00","",InfluxDB/joint_metrics,pending,"","2026-09-03T09:17:18.763583+08:00","2026-09-03T19:56:09.360286+08:00"
REL-UPPER-001_2609080955_RP1.3-UPPER-01_RD-03,REL-UPPER-001,上肢模块（腰部+双臂）空载连续摆动老化测试,RP1.3-UPPER-01,RD-03,RP1.3-UPPER-01,scheduled,"2026-09-08T09:55:36.610750+08:00","",0.0,"",sun66,研发实验室,"","",0,"2026-09-08T09:55:36.610750+08:00","","",pending,"","2026-09-08T09:55:36.622459+08:00","2026-09-08T09:55:36.622459+08:00"
REL-UPPER-001_2609080957_RP1.3-UPPER-01_RD-03,REL-UPPER-001,上肢模块（腰部+双臂）空载连续摆动老化测试,RP1.3-UPPER-01,RD-03,RP1.3-UPPER-01,scheduled,"2026-09-08T09:57:28.959313+08:00","",0.0,"",sun66,研发实验室,"","",0,"2026-09-08T09:57:28.959313+08:00","","",pending,"","2026-09-08T09:57:28.970688+08:00","2026-09-08T09:57:28.970688+08:00"
REL-LOWER-001_2609011026_RP1.3-LOWER-01_RD-02,REL-LOWER-001,下肢模块（双腿+腰部）空载连续摆动老化测试,RP1.3-LOWER-01,RD-02,RP1.3-LOWER-01,passed,"2026-09-01T10:26:30.549870+08:00","2026-09-01T14:34:59.074122+08:00",6.0,"6h",sun66,研发实验室,测试收到 Ctrl+C 后中断，待补充中断原因与测试分析,"",0,"2026-09-01T10:26:59+08:00","",InfluxDB/joint_metrics,pending,"","2026-09-01T10:26:30.561416+08:00","2026-09-01T10:26:59.752098+08:00"
REL-LOWER-001_2609080958_RP1.3-LOWER-01_RD-02,REL-LOWER-001,下肢模块（双腿+腰部）空载连续摆动老化测试,RP1.3-LOWER-01,RD-02,RP1.3-LOWER-01,scheduled,"2026-09-08T09:58:17.007663+08:00","",0.0,"",sun66,研发实验室,"","",0,"2026-09-08T09:58:17.007663+08:00","","",pending,"","2026-09-08T09:58:17.019167+08:00","2026-09-08T09:58:17.019167+08:00"
REL-UPPER-001_2609091906_RP1.3-LOWER-01_RD-02,REL-UPPER-001,上肢模块（腰部+双臂）空载连续摆动老化测试,RP1.3-LOWER-01,RD-02,RP1.3-LOWER-01,passed,"2026-09-09T19:06:06.652849+08:00","2026-09-09T20:19:26+08:00",1.207154,"1.21h",sun66,研发实验室,测试收到 Ctrl+C 后中断，待补充中断原因与测试分析,"",0,"2026-09-09T20:19:26+08:00","",InfluxDB/joint_metrics,pending,"","2026-09-09T19:06:06.664991+08:00","2026-09-09T20:19:26.900249+08:00"
REL-SARM-001_2609081015_RP1.3-ARM-01_RD-01,REL-SARM-001,单臂模块空载连续摆动老化测试,RP1.3-ARM-01,RD-01,RP1.3-ARM-01,passed,"2026-09-08T10:15:29.194441+08:00","2026-09-08T12:39:42+08:00",2.401725,"2.40h",shn,研发实验室,测试收到 Ctrl+C 后中断，待补充中断原因与测试分析,"",0,"2026-09-08T12:39:42+08:00","",InfluxDB/joint_metrics,pending,"","2026-09-08T10:15:29.205635+08:00","2026-09-08T12:39:42.546291+08:00"
REL-UPPER-001_2609081110_RP1.3-UPPER-01_RD-03,REL-UPPER-001,上肢模块（腰部+双臂）空载连续摆动老化测试,RP1.3-UPPER-01,RD-03,RP1.3-UPPER-01,passed,"2026-09-08T11:10:17.122926+08:00","2026-09-08T21:13:49+08:00",10.050468,"10.05h",sun66,研发实验室,测试收到 Ctrl+C 后中断，待补充中断原因与测试分析,"",0,"2026-09-08T21:13:49+08:00","",InfluxDB/joint_metrics,pending,"","2026-09-08T11:10:17.147827+08:00","2026-09-08T21:13:49.705830+08:00"
REL-LOWER-001_2609081420_RP1.3-LOWER-01_RD-02,REL-LOWER-001,下肢模块（双腿+腰部）空载连续摆动老化测试,RP1.3-LOWER-01,RD-02,RP1.3-LOWER-01,passed,"2026-09-08T14:20:34.566682+08:00","2026-09-08T21:13:53+08:00",6.880321,"6.88h",sun66,研发实验室,测试收到 Ctrl+C 后中断，待补充中断原因与测试分析,"",0,"2026-09-08T21:13:53+08:00","",InfluxDB/joint_metrics,pending,"","2026-09-08T14:20:34.578253+08:00","2026-09-08T21:13:53.562639+08:00"
REL-LOWER-001_2609091100_RP1.3-LOWER-01_RD-02,REL-LOWER-001,下肢模块（双腿+腰部）空载连续摆动老化测试,RP1.3-LOWER-01,RD-02,RP1.3-LOWER-01,passed,"2026-09-09T11:00:51.238578+08:00","2026-09-09T18:18:22+08:00",7.282646,"7.28h",sun66,研发实验室,测试收到 Ctrl+C 后中断，待补充中断原因与测试分析,"",0,"2026-09-09T18:18:22+08:00","",InfluxDB/joint_metrics,pending,"","2026-09-09T11:00:51.249644+08:00","2026-09-09T18:18:22.904017+08:00"
REL-UPPER-001_2609101006_RP1.3-LOWER-01_RD-02,REL-UPPER-001,上肢模块（腰部+双臂）空载连续摆动老化测试,RP1.3-LOWER-01,RD-02,RP1.3-LOWER-01,passed,"2026-09-10T10:06:03.174547+08:00","2026-09-10T11:43:50+08:00",1.6261914,"1.63h",sun66,研发实验室,测试被安全监控终止：[watchdog] t=5853.22s kind=stale motor_id=1 joint=right_shoulder_pitch_joint feedback stale 2.0s pos=+0.2630 cmd=+0.9046 |cmd-act|=0.642 rad,"",0,"2026-09-10T11:43:50+08:00","",InfluxDB/joint_metrics,pending,"","2026-09-10T10:06:03.186682+08:00","2026-09-10T11:43:50.459719+08:00"
REL-LOWER-001_2609101007_RP1.3-LOWER-01_RD-02,REL-LOWER-001,下肢模块（双腿+腰部）空载连续摆动老化测试,RP1.3-LOWER-01,RD-02,RP1.3-LOWER-01,passed,"2026-09-10T10:07:41.374746+08:00","2026-09-10T11:44:07+08:00",1.5997523,"1.60h",sun66,研发实验室,测试被安全监控终止：[watchdog] t=5756.87s kind=error_id motor_id=2 joint=right_hip_pitch_joint error_id=3 pos=+0.6563 cmd=+0.5410,"",2,"2026-09-10T11:44:07+08:00","",InfluxDB/joint_metrics,pending,"","2026-09-10T10:07:41.386157+08:00","2026-09-10T11:44:07.540141+08:00"
REL-LOWER-001_2609101338_RP1.3-LOWER-01_RD-02,REL-LOWER-001,下肢模块（双腿+腰部）空载连续摆动老化测试,RP1.3-LOWER-01,RD-02,RP1.3-LOWER-01,scheduled,"2026-09-10T13:38:27.329833+08:00","",0.0,"",sun66,研发实验室,"","",0,"2026-09-10T13:38:27.329833+08:00","","",pending,"","2026-09-10T13:38:27.341469+08:00","2026-09-10T13:38:27.341469+08:00"
REL-LOWER-001_2609091903_RP1.3-LOWER-01_RD-02,REL-LOWER-001,下肢模块（双腿+腰部）空载连续摆动老化测试,RP1.3-LOWER-01,RD-02,RP1.3-LOWER-01,passed,"2026-09-09T19:03:31.616712+08:00","2026-09-09T20:19:11+08:00",1.2445207,"1.24h",sun66,研发实验室,测试收到 Ctrl+C 后中断，待补充中断原因与测试分析,"",0,"2026-09-09T20:19:11+08:00","",InfluxDB/joint_metrics,pending,"","2026-09-09T19:03:31.629025+08:00","2026-09-09T20:19:11.920018+08:00"
REL-UPPER-001_2609101336_RP1.3-LOWER-01_RD-02,REL-UPPER-001,上肢模块（腰部+双臂）空载连续摆动老化测试,RP1.3-LOWER-01,RD-02,RP1.3-LOWER-01,passed,"2026-09-10T13:36:52.054342+08:00","2026-09-10T13:38:34+08:00",0.026572043,"0.03h",sun66,研发实验室,测试被安全监控终止：[watchdog] t=95.49s kind=error_id motor_id=1 joint=waist_roll_joint error_id=3 pos=+0.0238 cmd=-0.0076,"",7,"2026-09-10T13:38:34+08:00","",InfluxDB/joint_metrics,pending,"","2026-09-10T13:36:52.066878+08:00","2026-09-10T13:38:34.474993+08:00"
REL-LOWER-001_2609101344_RP1.3-LOWER-01_RD-02,REL-LOWER-001,下肢模块（双腿+腰部）空载连续摆动老化测试,RP1.3-LOWER-01,RD-02,RP1.3-LOWER-01,passed,"2026-09-10T13:44:08.616256+08:00","2026-09-10T13:44:39+08:00",0.00056621,"0.00h",sun66,研发实验室,测试被安全监控终止：[watchdog] t=2.02s kind=stale motor_id=2 joint=right_hip_pitch_joint feedback stale 2.0s pos=+0.0000 cmd=+0.5196 |cmd-act|=0.520 rad,"",0,"2026-09-10T13:44:39+08:00","",InfluxDB/joint_metrics,pending,"","2026-09-10T13:44:08.629382+08:00","2026-09-10T13:44:39.459344+08:00"
REL-UPPER-001_2609101343_RP1.3-LOWER-01_RD-02,REL-UPPER-001,上肢模块（腰部+双臂）空载连续摆动老化测试,RP1.3-LOWER-01,RD-02,RP1.3-LOWER-01,passed,"2026-09-10T13:43:17.292699+08:00","2026-09-10T23:30:08+08:00",9.775246,"9.78h",sun66,研发实验室,测试收到 Ctrl+C 后中断，待补充中断原因与测试分析,"",0,"2026-09-10T23:30:08+08:00","",InfluxDB/joint_metrics,pending,"","2026-09-10T13:43:17.304409+08:00","2026-09-10T23:30:08.466425+08:00"
REL-LOWER-001_2609041012_RP1.3-LOWER-01_RD-02,REL-LOWER-001,下肢模块（双腿+腰部）空载连续摆动老化测试,RP1.3-LOWER-01,RD-02,RP1.3-LOWER-01,passed,"2026-09-04T10:12:52.467551+08:00","2026-09-04T20:12:52.467551+08:00",10.0,"10h",sun66,研发实验室,测试收到 Ctrl+C 后中断，待补充中断原因与测试分析,"",0,"2026-09-04T10:13:12+08:00","",InfluxDB/joint_metrics,pending,"","2026-09-04T10:12:52.479441+08:00","2026-09-04T10:13:12.224641+08:00"
REL-LOWER-001_2609101346_RP1.3-LOWER-01_RD-02,REL-LOWER-001,下肢模块（双腿+腰部）空载连续摆动老化测试,RP1.3-LOWER-01,RD-02,RP1.3-LOWER-01,passed,"2026-09-10T13:46:44.097328+08:00","2026-09-10T23:46:44.097328+08:00",10.0,"10h",sun66,研发实验室,"","",0,"2026-09-10T13:47:02+08:00","",InfluxDB/joint_metrics,pending,"","2026-09-10T13:46:44.109438+08:00","2026-09-10T13:47:02.447304+08:00"
REL-UPPER-001_2609041014_RP1.3-UPPER-01_RD-03,REL-UPPER-001,上肢模块（腰部+双臂）空载连续摆动老化测试,RP1.3-UPPER-01,RD-03,RP1.3-UPPER-01,passed,"2026-09-04T10:14:10.240940+08:00","2026-09-04T11:29:34+08:00",1.2501913,"1.25h",sun66,研发实验室,测试被安全监控终止：[watchdog] t=4499.81s kind=stale motor_id=4 joint=right_elbow_joint feedback stale 2.3s pos=-0.0727 cmd=-0.7099 |cmd-act|=0.637 rad,"",0,"2026-09-04T11:29:34+08:00","",InfluxDB/joint_metrics,pending,"","2026-09-04T10:14:10.253037+08:00","2026-09-04T11:29:34.374731+08:00"
REL-LOWER-001_2609081038_RP1.3-LOWER-01_RD-02,REL-LOWER-001,下肢模块（双腿+腰部）空载连续摆动老化测试,RP1.3-LOWER-01,RD-02,RP1.3-LOWER-01,passed,"2026-09-08T10:38:03.701079+08:00","2026-09-08T14:00:48+08:00",3.374985,"3.37h",sun66,研发实验室,测试被安全监控终止：[watchdog] t=12145.56s kind=error_id motor_id=6 joint=left_ankle_pitch_joint error_id=7 pos=-0.6437 cmd=-0.2172,"",0,"2026-09-08T14:00:48+08:00","",InfluxDB/joint_metrics,pending,"","2026-09-08T10:38:03.712583+08:00","2026-09-08T14:00:48.511710+08:00"
REL-LOWER-001_2609111039_RP1.3-LOWER-01_RD-02,REL-LOWER-001,下肢模块（双腿+腰部）空载连续摆动老化测试,RP1.3-LOWER-01,RD-02,RP1.3-LOWER-01,blocked,"2026-09-11T10:39:54.702953+08:00","2026-09-11T22:50:00+08:00",0.0,"",sun66,研发实验室,测试中断，报告事后补生成,"",0,"2026-09-11T10:40:19+08:00","",InfluxDB/joint_metrics,pending,"","2026-09-11T10:39:54.715168+08:00","2026-09-11T22:55:04.921676+08:00"
REL-LOWER-001_2609140904_RP1.3-LOWER-01_RD-02,REL-LOWER-001,下肢模块（双腿+腰部）空载连续摆动老化测试,RP1.3-LOWER-01,RD-02,RP1.3-LOWER-01,scheduled,"2026-09-14T09:04:22.714464+08:00","",0.0,"",sun66,研发实验室,"","",0,"2026-09-14T09:04:22.714464+08:00","","",pending,"","2026-09-14T09:04:22.726447+08:00","2026-09-14T09:04:22.726447+08:00"
REL-LOWER-001_2609151039_RP1.3-LOWER-01_RD-02,REL-LOWER-001,下肢模块（双腿+腰部）空载连续摆动老化测试,RP1.3-LOWER-01,RD-02,RP1.3-LOWER-01,blocked,"2026-09-15T10:39:29.374107+08:00","2026-09-15T22:10:44+08:00",11.517614,"11.52h",sun66,研发实验室,测试进程异常退出；本地 CSV 已恢复分析并归档至 NAS。报告发现 1902 处通信空档，需继续排查采集/控制阻塞。,"",0,"2026-09-15T22:10:44+08:00","",InfluxDB/joint_metrics,archived,"","2026-09-15T10:39:29.385654+08:00","2026-09-15T22:37:53.058332+08:00"
REL-LOWER-001_2609170959_RP1.3-LOWER-01_RD-02,REL-LOWER-001,下肢模块（双腿+腰部）空载连续摆动老化测试,RP1.3-LOWER-01,RD-02,RP1.3-LOWER-01,blocked,"2026-09-17T09:59:26.132391+08:00","2026-09-17T21:39:29+08:00",11.658558,"11.66h",sun66,研发实验室,测试收到 Ctrl+C 后中断，待补充中断原因与测试分析,"",0,"2026-09-17T21:39:29+08:00","",InfluxDB/joint_metrics,pending,"","2026-09-17T09:59:26.144828+08:00","2026-09-17T21:39:29.388043+08:00"
REL-LOWER-001_2609140906_RP1.3-LOWER-01_RD-02,REL-LOWER-001,下肢模块（双腿+腰部）空载连续摆动老化测试,RP1.3-LOWER-01,RD-02,RP1.3-LOWER-01,blocked,"2026-09-14T09:06:06.964613+08:00","2026-09-14T22:34:29+08:00",13.460412,"13.46h",sun66,研发实验室,测试收到 Ctrl+C 后中断，待补充中断原因与测试分析,"",0,"2026-09-14T22:34:29+08:00","",InfluxDB/joint_metrics,pending,"","2026-09-14T09:06:06.975926+08:00","2026-09-14T22:34:29.489597+08:00"
REL-UPPER-001_2609151044_RP1.3-UPPER-01_RD-03,REL-UPPER-001,上肢模块（腰部+双臂）空载连续摆动老化测试,RP1.3-UPPER-01,RD-03,RP1.3-UPPER-01,passed,"2026-09-15T10:44:11.511413+08:00","2026-09-15T22:10:44+08:00",11.441462,"11.44h",sun66,研发实验室,测试进程异常退出；本地 CSV 已恢复分析并归档至 NAS。电机 error_id 全程为 0；native 日志显示遥测线程异常。,"",0,"2026-09-15T22:10:44+08:00","",InfluxDB/joint_metrics,archived,"","2026-09-15T10:44:11.523529+08:00","2026-09-15T23:14:04.345964+08:00"
REL-UPPER-001_2609140908_RP1.3-UPPER-01_RD-03,REL-UPPER-001,上肢模块（腰部+双臂）空载连续摆动老化测试,RP1.3-UPPER-01,RD-03,RP1.3-UPPER-01,passed,"2026-09-14T09:08:03.542198+08:00","2026-09-14T22:34:17+08:00",13.425595,"13.43h",sun66,研发实验室,测试收到 Ctrl+C 后中断，待补充中断原因与测试分析,"",0,"2026-09-14T22:34:17+08:00","",InfluxDB/joint_metrics,pending,"","2026-09-14T09:08:03.553471+08:00","2026-09-15T23:14:13.526816+08:00"
REL-UPPER-001_2609111038_RP1.3-UPPER-01_RD-02,REL-UPPER-001,上肢模块（腰部+双臂）空载连续摆动老化测试,RP1.3-UPPER-01,RD-02,RP1.3-UPPER-01,passed,"2026-09-11T10:38:15.112290+08:00","2026-09-11T22:50:35+08:00",12.193455,"12.19h",sun66,研发实验室,测试收到 Ctrl+C 后中断，待补充中断原因与测试分析,"",0,"2026-09-11T22:50:35+08:00","",InfluxDB/joint_metrics,pending,"","2026-09-11T10:38:15.123568+08:00","2026-09-15T23:14:22.617206+08:00"
REL-UPPER-001_2609171001_RP1.3-UPPER-01_RD-03,REL-UPPER-001,上肢模块（腰部+双臂）空载连续摆动老化测试,RP1.3-UPPER-01,RD-03,RP1.3-UPPER-01,scheduled,"2026-09-17T10:01:34.090911+08:00","",0.0,"",sun66,研发实验室,"","",0,"2026-09-17T10:01:34.090911+08:00","","",pending,"","2026-09-17T10:01:34.103394+08:00","2026-09-17T10:01:34.103394+08:00"
REL-LOWER-002_2609161410_RP1.3-LOWER-01_RD-02,REL-LOWER-002,下肢模块（双腿+腰部）带载连续摆动老化测试,RP1.3-LOWER-01,RD-02,RP1.3-LOWER-01,blocked,"2026-09-16T14:10:15.934084+08:00","2026-09-17T01:14:00+08:00",11.052699,"11.05h",sun66,研发实验室,测试收到 Ctrl+C 后中断，待补充中断原因与测试分析,"",0,"2026-09-17T01:14:00+08:00","",InfluxDB/joint_metrics,pending,"","2026-09-16T14:10:15.947232+08:00","2026-09-17T01:14:00.326666+08:00"
REL-UPPER-001_2609171005_RP1.3-UPPER-01_RD-03,REL-UPPER-001,上肢模块（腰部+双臂）空载连续摆动老化测试,RP1.3-UPPER-01,RD-03,RP1.3-UPPER-01,blocked,"2026-09-17T10:05:46.533835+08:00","2026-09-17T21:39:31+08:00",11.551347,"11.55h",sun66,研发实验室,测试收到 Ctrl+C 后中断，待补充中断原因与测试分析,"",0,"2026-09-17T21:39:31+08:00","",InfluxDB/joint_metrics,pending,"","2026-09-17T10:05:46.546290+08:00","2026-09-17T21:39:31.436246+08:00"
REL-UPPER-001_2609161011_RP1.3-UPPER-01_RD-02,REL-UPPER-001,上肢模块（腰部+双臂）空载连续摆动老化测试,RP1.3-UPPER-01,RD-02,REL-UPPER-01,failed,"2026-09-16T10:11:42.226961+08:00","2026-09-16T10:31:11+08:00",0.3248,"0.32h",sun66,研发实验室,CAN-FD 设备于 10:31:11 掉线（Network is down / No such device），后续发送全部失败；掉线后 CSV 数据无效。CSV 与修正报告已归档至 NAS。,USB-CAN-FD/CAN 网卡掉线，需排查设备、USB 连接及驱动。,0,"2026-09-16T10:31:11+08:00","",InfluxDB/joint_metrics,archived,"","2026-09-16T10:11:42.238862+08:00","2026-09-17T18:27:00.182942+08:00"
REL-UPPER-001_2609181004_RP1.3-UPPER-01_RD-03,REL-UPPER-001,上肢模块（腰部+双臂）空载连续摆动老化测试,RP1.3-UPPER-01,RD-03,RP1.3-UPPER-01,running,"2026-09-18T10:04:28.083260+08:00","",0.0,"",sun66,研发实验室,"","",0,"2026-09-18T10:04:44+08:00","",InfluxDB/joint_metrics,pending,"","2026-09-18T10:04:28.094554+08:00","2026-09-18T10:04:43.963313+08:00"
REL-LOWER-001_2609181005_RP1.3-LOWER-01_RD-02,REL-LOWER-001,下肢模块（双腿+腰部）空载连续摆动老化测试,RP1.3-LOWER-01,RD-02,RP1.3-LOWER-01,running,"2026-09-18T10:05:40.015855+08:00","",0.0,"",sun66,研发实验室,"","",0,"2026-09-18T10:05:46+08:00","",InfluxDB/joint_metrics,pending,"","2026-09-18T10:05:40.028338+08:00","2026-09-18T10:05:46.327145+08:00"
